Subject,Experience_Sampling_Questions_Response_Time,GoNoGo_Task_Response_Time,Go_Task_Accuracy,NoGo_Task_Accuracy,Finger_Tapping_Task_Response_Time,Finger_Tapping_Task_Accuracy,Two-Back_Task-faces_Response_Time,Two-Back_Task-faces_Accuracy,Two-Back_Task-scenes_Response_Time,Two-Back_Task-scenes_Accuracy,One-Back_Task_Response_Time,One-Back_Task_Accuracy,Zero-Back_Task_Response_Time,Zero-Back_Task_Accuracy,Hard_Math_Task_Response_Time,Hard_Math_Task_Accuracy,Easy_Math_Task_Response_Time,Easy_Math_Task_Accuracy,Friend_Task_Response_Time,Friend_Task_Sentiment,You_Task_Response_Time,You_Task_Sentiment
subject_17,3.957679869791769,1.0068063722220748,0.9230769230769231,0.8672566371681416,0.35688957846007097,1.0,1.1670996755523244,0.8888888888888888,1.1304930260875667,0.8913043478260869,1.2468878222247843,1.0,0.8834177727271295,1.0,2.275145920000505,0.94,1.821316471156024,1.0,1.2059910869562451,0.5652173790170135,0.9678900434789113,0.48529411051038074
subject_18,4.281269951215007,0.9831338103700007,0.8,0.9416666666666667,1.316989826001809,0.84,1.372800691302552,0.5,0.973636929311083,0.7241379310344828,1.6368141500002822,0.9,0.9175676454535939,0.8181818181818182,2.3195171947366346,0.9824561403508771,1.9723523540992947,1.0,2.4858794842098417,0.6052631419667595,2.5567335818179178,0.48837208166576557
subject_54,3.298461015625037,1.011605067910411,0.5882352941176471,0.452991452991453,0.9782243283333931,0.9333333333333333,1.092176264102818,0.6666666666666666,0.9737668170212388,0.6170212765957447,2.3689747499998703,0.6,3.2816003909090132,0.45454545454545453,3.190721751219471,0.45714285714285713,2.299267900000164,0.7755102040816326,0.954545717021516,0.5434782490548207,0.8853990785713125,0.6811594104179796
subject_84,4.581937155209188,1.0425842954115536,1.0,0.8854166666666666,0.3179924123047385,1.0,1.0090748000021654,0.8163265306122449,0.9498476326894328,0.9038461538461539,0.8724659142899327,1.0,0.7078083000029437,1.0,2.380127366039713,0.8867924528301887,1.9265438749988486,0.9666666666666667,1.3017245555516437,0.46666665629629656,0.9489110067799505,0.593220328928469
subject_86,6.423655843576904,1.0533507509815037,0.8461538461538461,0.9550561797752809,0.4499491749981341,1.0,1.1447325222193117,0.8518518518518519,1.2400421888916753,0.6,1.5639997000042867,0.8888888888888888,0.7989127399952849,1.0,2.2239319214308386,0.875,2.014631106249908,0.9516129032258065,1.6720431136358953,0.6744185889670096,1.52186589811397,0.6470588108419841
subject_90,4.040471252251438,1.0233962161654535,0.7058823529411765,0.8495575221238938,0.4223955876874523,1.0,1.172990386052122,0.813953488372093,1.0845469229194957,0.875,0.9813892299891449,1.0,0.7363126666653746,1.0,2.118097450942205,0.8867924528301887,1.95918363437886,1.0,1.6312485086989752,0.7826086786389418,1.3426358857084,0.7321428440688779
subject_26,3.09514404878477,0.983965988372689,0.9375,0.6548672566371682,0.4109608016677763,1.0,1.1183647156861958,0.7647058823529411,1.0762102023810647,0.8333333333333334,1.2934098000001872,0.9090909090909091,1.0713599111105496,1.0,2.816800922727039,0.8636363636363636,1.953734216364418,1.0,1.1575481652172406,0.8260869385633275,1.0992575106063283,0.7076922968047339
subject_137,3.9010157734369386,1.030104482708161,0.5263157894736842,0.631578947368421,0.2674794357149429,1.0,1.6287788261889502,0.3333333333333333,1.2589033051290943,0.6153846153846154,1.6886697181802115,0.8181818181818182,0.9661781000005166,0.9090909090909091,2.245838466036696,0.9811320754716981,1.8737377314839117,1.0,1.341688928569922,0.8095237902494337,1.3063840758645553,0.8103448136147446
subject_138,3.24491425225723,1.0308892868867632,1.0,0.04716981132075472,0.5813804000007132,1.0,1.019923710715375,0.8035714285714286,1.1964100688902868,0.6666666666666666,2.0855199374927906,0.625,0.9315273769181938,1.0,2.1734000869555925,0.9333333333333333,1.9566195633349708,1.0,1.4204770624972298,0.8749999781250006,1.1879008546911791,0.8281249870605472
subject_143,4.327896079167355,1.0033645962965372,1.0,0.6373626373626373,0.3518964414260284,1.0,0.9539655408161521,0.8367346938775511,1.158752271427407,0.7380952380952381,1.0823739999958144,0.9090909090909091,0.5610689545494758,1.0,2.610275185414745,0.8958333333333334,1.914851307271006,1.0,1.2054580959244345,0.7959183511037071,1.2528290482109046,0.6607142739158166
subject_145,4.279085825517541,1.035731428462577,0.8461538461538461,0.8548387096774194,0.4735158327183771,1.0,1.3048574363585266,0.5909090909090909,1.090834007696965,0.9038461538461539,1.5703741416703754,0.8333333333333334,2.230002437514486,0.75,2.6027947784305603,0.64,2.033258928816718,0.9655172413793104,2.2043665973060587,0.7647058598615925,1.7459400061171084,0.5833333211805558
subject_151,4.1696763519093265,1.0186265190846229,0.5,0.8319327731092437,0.37907692727193615,1.0,0.6621224581814287,0.7818181818181819,0.8056533177420327,0.9032258064516129,0.8231814181781374,0.9090909090909091,1.595217472726786,0.7272727272727273,3.379289924391409,0.4857142857142857,2.3585023249993706,0.5365853658536586,2.246956048387332,0.5384615177514801,2.485686893478408,0.5945945785244708
subject_152,3.1392267456597143,0.9899046122808246,0.7777777777777778,0.96875,0.3744041628571722,1.0,1.3631733725001596,0.75,0.9488576159091777,0.8863636363636364,0.8503120555558579,1.0,0.7572362583334021,0.9166666666666666,2.284535264814925,0.8703703703703703,1.9112710262294565,1.0,1.0493283395832502,0.8333333159722226,1.2564676852458643,0.8196721177102931
subject_157,4.244085249130876,1.0174916374953682,0.7058823529411765,0.972972972972973,0.34292116142709606,1.0,0.8452995771873056,0.7894736842105263,0.7325207101698112,0.7627118644067796,0.756303390911357,1.0,1.0690468200133183,0.9,2.0473438384539735,0.9230769230769231,1.9099892558793619,0.9552238805970149,0.8430314489387649,0.9361701928474427,1.0550340322492224,0.7741935359001043
subject_158,2.693057621874535,0.9899799808338382,0.7142857142857143,0.5849056603773585,0.3600822692302665,1.0,0.7436219589269187,0.6428571428571429,0.6217575836339331,0.8181818181818182,0.8024213500029873,0.9,0.9875305299967294,0.7,2.6385526347813024,0.7391304347826086,1.953318580001942,0.94,0.8781170571393366,0.6666666507936512,0.721744315252813,0.4915254153978743
subject_170,4.082639636283602,0.9997470204378087,0.9333333333333333,0.26229508196721313,0.4273445271421224,1.0,1.2906131613615963,0.8636363636363636,1.3109489210512133,0.8421052631578947,1.1800339583326906,1.0,0.7227435800014064,1.0,2.18249065102059,0.8775510204081632,1.9289829799963627,0.95,0.8189609919983195,0.7999999840000004,1.0241066113214299,0.7169811185475261
subject_171,2.216098776910561,1.0401180666667642,0.47058823529411764,0.7322834645669292,0.4328051342761942,1.0,0.7252977934802639,0.6521739130434783,0.4390597426013469,0.7592592592592593,0.9147480545480821,1.0,0.9428288545247845,0.9090909090909091,2.0758996171844046,0.90625,1.9452250210462105,0.9285714285714286,0.7472800522677558,0.8181817995867773,0.8513635577450336,0.830985903788931
subject_172,1.9870118628470865,1.011087697479647,0.4117647058823529,0.8725490196078431,0.4311031900001884,1.0,0.5410532963636797,0.8727272727272727,0.7254965208335307,0.8125,0.9970214769228523,1.0,2.1335924400016664,0.7,2.4131540389831665,0.6551724137931034,2.21081347321433,0.7924528301886793,0.33689287547098984,0.5471698009967962,0.46060815479473627,0.5342465680240196
subject_191,3.5237281102430478,1.0506149299063194,0.9333333333333333,0.717391304347826,0.3776669642857866,1.0,1.016253784000146,0.82,0.953869127999933,0.84,1.5320343545460096,1.0,0.6862927199999831,1.0,2.01266122884639,0.7307692307692307,1.9183422611106464,0.9629629629629629,0.8295334622222678,0.7999999822222227,0.7066322054053819,0.7027026932067204
subject_192,3.0114328263885,1.0163582777768458,0.7647058823529411,0.8623853211009175,0.5154320399980695,1.0,0.815692749999774,0.9629629629629629,0.8409749749963257,0.8181818181818182,1.0451685416628607,0.9166666666666666,0.7873659250035416,1.0,2.660057766667229,0.9285714285714286,1.897104166666395,1.0,1.6824300736855213,0.8108107888970058,1.0751547684214944,0.8771929670667901
subject_193,4.304042627257534,1.030465644261834,0.7777777777777778,0.8557692307692307,0.37713845284971675,1.0,1.114541845001804,0.7,0.9137915134611271,0.8269230769230769,1.2217810727253726,1.0,1.0396539181767201,0.9090909090909091,2.1839047760004178,0.9183673469387755,1.8890632471632,0.9433962264150944,1.2050356511622233,0.6279069621416986,0.9539042727291499,0.8787878654729112
subject_203,6.100582678298502,1.0174230033057223,0.47058823529411764,0.5961538461538461,0.32988082615394465,1.0,0.8745442019247164,0.9423076923076923,1.253595395237166,0.8809523809523809,0.7675477181817935,1.0,0.54757594545266,1.0,1.9847590431380404,0.9215686274509803,1.8387794313435843,0.9552238805970149,0.8908826375005446,0.6249999843750005,0.8573663984129708,0.777777765432099
subject_1,4.909587743403487,1.0183310555557832,0.6,0.9313725490196079,0.3650910426676273,1.0,0.9200045229154057,0.8541666666666666,0.9355725959140561,0.8163265306122449,0.8327098615386953,0.9230769230769231,0.7852359692333266,1.0,2.087597098278789,0.6551724137931034,1.8984546509084546,0.9272727272727272,1.042659646672352,0.7045454385330583,0.989948993337263,0.6666666555555558
subject_2,3.322561875350301,0.9587132188579311,0.35714285714285715,0.5,0.3602021450099225,1.0,0.8634353022298051,0.8222222222222222,1.1045403589601988,0.717948717948718,1.67836852495869,0.9166666666666666,0.7967016833523909,1.0,2.0854459340396794,1.0,1.9952312729964476,0.9841269841269841,2.262775381592004,0.8055555331790131,1.6554691339667253,0.7358490427198294
subject_3,5.543979584201679,1.0123156186204267,0.9333333333333333,0.07692307692307693,0.38904811500081754,1.0,1.222198588636688,0.8636363636363636,0.8665401762714205,0.8983050847457628,1.4492132272716844,0.6363636363636364,2.1227034499994866,0.6666666666666666,2.146181297917034,0.8541666666666666,2.0170825333329656,0.9473684210526315,1.3857051782612435,0.7999999822222227,1.3455276693538538,0.8709677278876173
subject_4,1.8551689479164049,1.0012351504267585,0.7058823529411765,0.22,0.6432378015377953,1.0,0.5190357314821556,0.8888888888888888,0.5758517148939799,0.9574468085106383,2.1965949300007197,0.7,1.424060691667061,0.9166666666666666,2.0297520547168424,0.9056603773584906,2.0449946854549292,0.8653846153846154,0.8666920208330945,0.7708333172743059,0.6562715710522178,0.6447368336218838
subject_5,3.648076122916665,1.0167938280379003,0.8333333333333334,0.47368421052631576,0.4492610026663169,1.0,1.2463766956529783,0.6956521739130435,1.2733195577770755,0.8888888888888888,1.3632225909095723,0.9090909090909091,1.3495399900028133,0.9,2.3613254104163084,0.9166666666666666,2.0295598310338643,0.9821428571428571,1.2013396111106784,0.7999999822222227,1.0979120567164717,0.6716417810202719
subject_8,6.39399599270847,1.0038452227933756,0.8125,0.8166666666666667,0.34277015285915696,1.0,1.1188121999966825,0.7708333333333334,1.0356129773564082,0.7924528301886793,1.1861431166665473,0.9166666666666666,1.3149065181761133,1.0,2.7989610531918476,0.8913043478260869,1.9330333271187186,0.9830508474576272,1.147335047824131,0.7826086786389418,1.097084601614399,0.6290322479188347
subject_9,2.0934166845484774,0.9728318477100736,0.5333333333333333,0.5212765957446809,0.3734599999993896,1.0,0.7827860338956717,0.7627118644067796,1.072670989365198,0.7659574468085106,0.8662654769320327,0.9230769230769231,0.7428419099887833,0.7,1.9543753018158234,0.9454545454545454,1.8622840612867637,0.9354838709677419,0.754515122722792,0.8409090717975212,0.6795868275407027,0.6231883967653856
subject_10,3.7016550776014707,0.9950333774488952,0.5882352941176471,0.7241379310344828,0.5402159276955689,1.0,1.1707024915029909,0.44680851063829785,1.1086277272816831,0.7045454545454546,1.512796963639134,1.0,0.9196944181722674,1.0,2.540905008166173,0.8723404255319149,2.0289117559253915,0.9482758620689655,1.385100273335249,0.7333333170370374,1.3880839275902714,0.6666666549707605
subject_11,4.334895362152262,1.0087983070877677,0.26666666666666666,0.9047619047619048,0.37614823000039904,1.0,0.9913734608461432,0.8478260869565217,0.8578662931023904,0.8448275862068966,0.7322240000146187,1.0,0.640699380019214,1.0,2.098741181674025,0.7833333333333333,1.865960669631022,0.9821428571428571,1.0281722085040181,0.5531914775916708,0.9489471343658806,0.7187499887695314
subject_12,4.003656253123457,1.0107326852167835,0.6923076923076923,0.8333333333333334,0.36569306615990804,1.0,0.8581650767388732,0.813953488372093,1.1925779829802428,0.723404255319149,1.1002514444602032,1.0,0.6359620099887252,1.0,1.9976563278726898,0.9836065573770492,1.8999396479145314,0.9791666666666666,1.3157501660007984,0.5199999896000003,1.4296693236228417,0.6545454426446283
subject_13,3.3834381633662107,1.03654962405825,0.9375,0.8803418803418803,0.3785049650042007,1.0,0.9452281489254947,0.9148936170212766,1.3103303499924748,0.6086956521739131,1.1608596713880874,0.8571428571428571,0.6353377636246891,1.0,2.1059837038472042,0.9807692307692307,1.9017549203432529,1.0,0.9356374347069282,0.5918367226155771,0.9000343833291536,0.6363636267217633
subject_14,4.6492996317709485,1.030768150819924,0.8,0.24107142857142858,0.3898217142856863,1.0,0.9299402392157479,0.8823529411764706,1.2794104511624536,0.6744186046511628,1.0034698199997365,1.0,0.7673343636349521,1.0,3.676504123684457,0.6944444444444444,2.0579306969692963,0.9846153846153847,1.7478409046517025,0.7619047437641728,1.6599604660001932,0.7599999848000003
subject_15,4.617741407986113,1.0268530496124086,0.9,0.3944954128440367,0.2945109942857081,1.0,1.1639120936169227,0.7872340425531915,1.4445634639999845,0.62,1.4693643700000165,0.8,0.6738800692307729,1.0,2.6704218422222565,0.9090909090909091,1.9071615127271964,1.0,1.0299794740000288,0.7999999840000004,1.0426714733332878,0.6833333219444446
subject_16,4.387295287152837,1.0070617455354685,0.8,0.9690721649484536,0.36899913666626766,1.0,0.6286599673070529,0.9038461538461539,0.7544626611116756,0.8518518518518519,0.7463219545468085,1.0,0.867747809091022,1.0,2.0644247207546527,0.9811320754716981,1.9056275040818538,0.9795918367346939,0.809741723076793,0.8846153676035506,0.8090680088237551,0.7647058711072666
subject_20,3.7100950835065305,1.022217143967282,0.7142857142857143,0.8333333333333334,0.667570236006286,1.0,1.469652943245475,0.6756756756756757,1.0800210652169366,0.9130434782608695,1.036237299995264,1.0,0.634183126668601,0.9333333333333333,2.8634911249907664,0.9069767441860465,1.9899378462912325,0.9814814814814815,1.2802447081693182,0.9374999804687505,1.3633978584921866,0.8846153676035506
subject_21,3.136961025867802,0.9654380055116929,0.7857142857142857,0.7964601769911505,0.4598924030782655,1.0,0.7802378241941633,0.8548387096774194,0.7150561634614581,0.9230769230769231,1.1448341100127437,0.7,0.7670686307604998,0.9230769230769231,2.3807666431404835,0.9803921568627451,1.926837791931898,0.9838709677419355,0.9757342478222436,0.8478260685255203,1.0494927813612729,0.7457626992243611
subject_22,3.635303367708312,1.0076461522727862,0.7272727272727273,0.71900826446281,0.410644469999958,0.9833333333333333,0.6887038250000236,0.8125,0.6388352842105361,0.6842105263157895,2.484724527272523,0.36363636363636365,4.229472687499992,0.25,3.8517884615386535,0.26666666666666666,2.60994798125004,0.5454545454545454,1.4825729358974804,0.6216216048210378,1.003072420634886,0.5967741839229971
subject_23,3.562970856250053,1.0054062695035744,0.4666666666666667,0.8492063492063492,0.53631908363578,1.0,1.077614999999999,0.875,0.8585768136361532,0.8636363636363636,1.5877479900002072,1.0,1.1624866545462282,1.0,2.5889258148141647,0.8888888888888888,2.0606435516130013,0.967741935483871,1.8412431159090787,0.697674402379665,1.3156174123076758,0.35384614840236694
subject_24,3.8715582996528104,1.0532494704918955,1.0,0.49056603773584906,0.39894400615370473,1.0,1.3516261977774169,0.5777777777777777,1.0341124232142778,0.8214285714285714,1.2803976499999408,1.0,0.736442791666074,1.0,2.715132703845694,0.8269230769230769,1.9558886780004832,1.0,1.0522563700005776,0.7749999806250005,1.0420898746476308,0.6338028079746083
subject_30,3.425812618577715,1.0048677055117048,1.0,0.0,0.754048695001499,0.9833333333333333,1.596465299999441,0.11428571428571428,1.6831502323526792,0.20588235294117646,1.5338332076946524,0.9230769230769231,1.2427646545455155,1.0,3.3855271933328672,0.2857142857142857,2.3315440267885736,0.717391304347826,1.3340099568198307,0.7441860292049761,0.8708839909090647,0.6212121117998165
subject_31,4.925066628819018,1.0229381790696896,0.8125,0.9823008849557522,0.3381824707697468,1.0,1.0577966488839592,0.7555555555555555,1.1245443624999705,0.75,0.8950273749990932,1.0,0.7135421888896316,1.0,2.1062028245584785,1.0,1.8743332964295405,1.0,1.1560751952395851,0.7317072992266512,0.9373389666659447,0.6266666583111112
subject_32,3.9012765631925705,1.0364097192003392,0.7857142857142857,0.7207207207207207,0.3667103706711593,1.0,1.0249057547632783,0.6666666666666666,1.3809662227272796,0.5227272727272727,0.91358210000908,1.0,0.4586896846169391,0.8461538461538461,2.5799775981082895,0.8076923076923077,2.1368267020036003,0.9130434782608695,1.684047141022837,0.8918918677867064,1.300705369997498,0.783333320277778
subject_34,4.41311216024365,1.0410846641016567,1.0,0.7058823529411765,0.3436684353814389,1.0,1.17205069583603,0.8333333333333334,1.0470407019221546,0.9807692307692307,0.7226467400013159,1.0,0.5025837461625298,0.9230769230769231,2.2253104874928664,0.875,1.8671508333303364,0.9607843137254902,1.1716204300013486,0.7999999800000005,1.0230467451591752,0.7096774079084289
subject_35,3.085278047395251,0.9991837461507863,0.5789473684210527,0.9489795918367347,0.36849754833286474,1.0,0.5738996489325221,0.8297872340425532,0.713183570217262,0.8085106382978723,0.8615872800000943,0.9,0.6782432499991652,0.75,2.245064816985692,0.8846153846153846,1.9864921792386152,0.9622641509433962,0.6851644195646615,0.6086956389413992,0.7456707986700348,0.7466666567111113
subject_36,5.807043342360278,1.0311287669218683,1.0,0.0,0.590072982853079,0.9714285714285714,1.7080530317077163,0.43902439024390244,1.1539965857172363,0.7857142857142857,1.1979032500006723,1.0,0.7118984666691782,1.0,2.0181085603797086,0.9245283018867925,1.8983779132085026,0.9433962264150944,1.5613687794912272,0.7435897245233405,1.682402933332567,0.6399999872000003
subject_37,2.889887447394661,1.0394938542645662,0.7857142857142857,0.9130434782608695,0.36842073733142267,1.0,0.8667118059983477,0.86,0.8572332425898855,0.8888888888888888,0.5736122857114034,1.0,0.5627902249931745,0.9166666666666666,2.7161726961528005,0.7692307692307693,1.9795815352939399,0.98,1.1496901268312685,0.8536585157644265,1.1915594507033387,0.7857142744897961
subject_38,2.975960672047424,1.0144923166704498,0.8,0.1891891891891892,0.3974746945462274,1.0,0.7722605839977041,0.84,0.7048341124949123,0.8333333333333334,1.1221179214231338,0.7142857142857143,0.732076845459894,0.9090909090909091,2.296009605088453,0.6271186440677966,2.180409007855262,0.8297872340425532,1.1922496488361165,0.9069767230935646,1.1745721052611133,0.49122806155740245
subject_41,4.114167530208331,1.04866900695665,0.8461538461538461,0.7058823529411765,0.3579364861551977,1.0,1.199721169997065,0.5,0.723988015095666,0.8679245283018868,1.8863704500015177,0.7142857142857143,0.7985337099977187,0.8,2.187219405454446,0.8909090909090909,2.0194126384626054,0.96875,1.1249280833324606,0.833333313492064,1.0925748225807534,0.5967741839229971
subject_42,3.0200728298578827,0.9679967860660714,0.8666666666666667,0.9439252336448598,0.3722972742780777,1.0,0.7754545415123433,0.8490566037735849,0.8606819033867411,0.7288135593220338,1.3916183666636546,0.75,0.6557324083308534,0.9166666666666666,1.997308967241632,0.9137931034482759,1.8540175854545933,1.0,0.9079370882394084,0.9019607666282203,0.9497047737717903,0.7868852330018815
subject_43,2.4359711666669077,1.0138558551714283,0.4375,0.813953488372093,0.5623627699998905,1.0,1.4580164904764388,0.6428571428571429,0.7931066884610538,0.7884615384615384,1.0414670666682975,0.8888888888888888,1.0094058875001792,1.0,2.5084740145842566,0.8723404255319149,2.0462318137253854,0.9591836734693877,1.7240886414645769,0.7804877858417614,1.491969125000469,0.6999999883333335
subject_44,3.8477230421845485,1.0443540504670084,0.8,0.7525773195876289,1.3799019599985332,0.8,0.9338992942357436,0.6923076923076923,0.7043194740803705,0.7777777777777778,1.096657939988654,0.5,1.570476220001001,0.7,2.063633832132577,0.9821428571428571,1.9053643448318451,1.0,1.3729199027810763,0.9444444182098773,1.4776894982707494,0.6666666549707605
subject_45,3.8522743953106127,1.0042289952719108,0.7857142857142857,0.9380530973451328,0.32478599231242417,1.0,0.9413256900024135,0.82,0.8941373782594304,1.0,1.2227668571410635,0.14285714285714285,0.741018072723157,0.9090909090909091,2.252531529996777,0.68,1.9325798703756407,0.9814814814814815,1.205306419573785,0.6956521587901705,1.1027091861057368,0.6805555461033952
subject_46,4.336075684373706,1.0394694745921353,0.5454545454545454,0.58,0.4573950949998107,1.0,0.7482327358469911,0.9056603773584906,0.9939499979130536,0.7916666666666666,1.457176861532319,0.5384615384615384,1.268468918188856,0.9090909090909091,2.9723162533314382,0.6818181818181818,2.1250918944456823,0.9019607843137255,1.0107395882380432,0.8431372383698581,1.3973214017511182,0.5964912176054172
subject_47,3.467721232295945,0.9897100669369402,0.7333333333333333,0.8532110091743119,0.32252859846473886,1.0,0.8603873320040293,0.84,1.0277492250000553,0.7916666666666666,0.7001406636343084,1.0,0.6838511699927039,1.0,2.0228714320086874,0.92,1.8266783059755367,0.9850746268656716,1.5238734102443767,0.6578947195290864,1.3120839322537874,0.6999999883333335
subject_48,3.685231005556438,1.018860977865313,0.9473684210526315,0.8660714285714286,0.324005233846569,1.0,0.8110769983327676,0.8,1.007050076743918,0.7906976744186046,0.6674290100025246,1.0,0.5975757999959487,1.0,2.72019630681726,0.9090909090909091,1.869572071429762,1.0,1.522798722856013,0.5999999828571434,1.1797162370954362,0.6290322479188347
subject_49,4.975231180903039,1.0102362700000342,0.8,0.8347826086956521,0.455036223999535,1.0,1.4917497944463523,0.8888888888888888,1.526720224999129,0.5625,1.8903354090924205,0.6363636363636364,1.4062797615344886,1.0,2.2064704259257133,0.8679245283018868,2.012268922806374,0.9824561403508771,1.0929826195121077,0.8780487590719815,1.0596305847454568,0.7118643947141629
subject_50,6.060724741493989,1.0339222357138096,0.9375,0.990909090909091,0.32766194286273925,1.0,0.77151786222045,0.8888888888888888,0.845967941940011,0.8548387096774194,0.8859747199981939,1.0,0.6071931272850964,0.9090909090909091,2.800647575608398,0.8536585365853658,1.8989623474525446,1.0,1.61670791219335,0.7249999818750005,1.018181823530433,0.6029411676038063
subject_51,4.402866790107914,0.9979798543969529,0.75,0.6666666666666666,0.7610791538555461,0.9846153846153847,1.1862484851128798,0.8085106382978723,1.097212995337539,0.8604651162790697,1.129686446658646,1.0,0.7065451000235043,1.0,2.5722831725416815,0.8571428571428571,2.0772992862019173,0.9649122807017544,1.7021878358896056,0.868421029778394,1.4425428018439561,0.5740740634430729
subject_52,3.7501175937491604,0.9916742733912542,0.4666666666666667,0.8829787234042553,2.631900119997509,0.5333333333333333,1.2197475622175262,0.7333333333333333,1.244388676317421,0.7368421052631579,2.0917396333340244,1.0,0.8023513090923767,1.0,2.2975753777761754,0.8518518518518519,2.0317133750047236,0.9454545454545454,1.2208036945950291,0.8378378151935726,1.2309034407350097,0.7592592451989029
subject_53,2.901886083505815,0.9985919096360535,0.8571428571428571,0.7355371900826446,0.4566404016572051,1.0,0.7196322249991891,0.8461538461538461,0.8619586301875248,0.6792452830188679,1.420608200028073,1.0,0.46247999001061546,1.0,1.9627927638382274,0.9148936170212766,1.8410502301643616,0.9365079365079365,0.7250699449059724,0.8571428396501461,0.7417408227250262,0.9242424102387514
subject_55,3.6297346838537123,1.0196359906783643,0.8823529411764706,0.900990099009901,0.4265119242881026,1.0,1.0961671824974473,0.725,1.1276908243833133,0.7317073170731707,0.8102620909075168,1.0,0.7728443916760929,1.0,2.632010134545536,0.8703703703703703,1.9275091909062625,1.0,1.1655548851060225,0.7872340258035314,1.0758954166667536,0.8666666522222225
subject_56,4.233375912847502,1.0635052238158615,0.9230769230769231,0.9891304347826086,0.3228363914215671,1.0,0.7902000217329023,0.9782608695652174,1.0125576654449104,0.8363636363636363,1.675286636370319,1.0,0.9315616777554775,1.0,1.9538228775852295,1.0,1.8682498475498535,1.0,0.7986477568126495,0.8863636162190087,0.9195419626863006,0.8181818057851242
subject_57,3.100207581773753,1.0031449671896553,0.7272727272727273,0.6324786324786325,0.4192556630461835,1.0,0.9978842140632894,0.9298245614035088,1.283696480475866,0.6097560975609756,0.6483946545472876,1.0,0.5412816416743832,1.0,2.0561473646940773,0.9607843137254902,1.8617889200057833,1.0,1.0001479187291504,0.7499999843750004,1.042254794663417,0.8035714142219391
subject_58,2.205150365625002,0.9972358103174291,0.6875,0.5545454545454546,0.4223987815383925,1.0,1.1272987527275373,0.6727272727272727,0.8607236395355146,0.6976744186046512,1.2208335400002397,0.8,1.907039089999671,0.6,2.061701289796103,0.8979591836734694,2.035808009258997,0.9230769230769231,1.0922223634614476,0.6923076789940831,1.0483984857144981,0.6349206248425298
subject_59,2.569096614062466,0.9754975655737848,0.7857142857142857,0.6574074074074074,0.35279439846154464,1.0,0.7692536758064717,0.7096774193548387,0.6121737852458641,0.8688524590163934,0.7932010166667472,1.0,0.5470447000000908,1.0,2.312193341999955,0.82,1.9509050395832521,0.9375,0.8844443720001436,0.9199999816000004,0.699992806896544,0.896551708680143
subject_60,3.961899553990305,1.0488707674149838,0.7894736842105263,0.7672413793103449,0.6595132816776944,1.0,0.8759316894707776,0.9122807017543859,1.1174949833463568,0.8125,2.445238207699731,0.5384615384615384,1.5801660363477739,1.0,2.535559571094604,0.8444444444444444,2.00720351818441,1.0,1.1627184744997352,0.9019607666282203,1.1473913151650887,0.6769230665088759
subject_62,3.8429504987851337,1.0365916616065078,0.7857142857142857,0.9693877551020408,0.32475634000026427,1.0,1.8585984410273317,0.1282051282051282,1.807576007895573,0.18421052631578946,0.5549887199988006,1.0,0.5592810222183794,1.0,1.8495294963628772,0.9818181818181818,1.832377699999294,1.0,0.8397293551008298,0.7959183511037071,0.8964487741942585,0.6451612799167535
subject_63,3.6673995456596407,1.0118059083329476,0.7333333333333333,0.8857142857142857,0.4479162693338003,1.0,0.8281255172410527,0.9310344827586207,0.8629041339629352,0.8867924528301887,4.1123859692317914,0.0,0.7336625000002991,0.9230769230769231,2.6489189731701783,0.9024390243902439,2.135596793616795,1.0,0.9420733756106063,0.8780487590719815,0.8793547733329857,0.7199999904000002
subject_64,4.063266056424204,1.0357076533323075,0.6666666666666666,0.8476190476190476,0.384756475998632,1.0,0.793238663635169,0.7272727272727273,1.013730067347547,0.8367346938775511,1.3239858555542823,0.7777777777777778,1.0502433888937555,1.0,2.245546112246859,0.5102040816326531,1.8695819537021667,0.8703703703703703,0.6809434714315492,0.8809523599773248,0.7017547100001441,0.43333332611111125
subject_65,3.320246824132179,1.0301198274194194,0.7692307692307693,0.8918918918918919,0.34636655066666816,1.0,1.3847715727277483,0.5681818181818182,1.1089714018866599,0.8679245283018868,0.9803374100003566,1.0,0.6755072999989756,1.0,2.6595902163263623,0.9375,1.9841592533331196,1.0,1.1680594039213497,0.6862744963475589,1.1456314453124605,0.703124989013672
subject_66,4.619541053819477,0.9865878071429924,0.8125,0.7,0.33426628461479246,1.0,1.1285598949987616,0.75,1.0288031255815524,0.8372093023255814,1.433294937502069,1.0,0.8605265699996381,1.0,2.0982510068959153,0.9655172413793104,2.010858195744073,0.9347826086956522,1.0922036943405335,0.7547169668921327,1.1916419465507777,0.7068965395362666
subject_67,1.913419903298038,0.9734678877203056,0.5384615384615384,0.43564356435643564,0.6366629416646902,1.0,0.804752211538121,0.8269230769230769,0.5563449327262457,0.8363636363636363,2.0785507699969457,0.3,1.1995064900052967,0.8,2.3429775615379467,0.9411764705882353,2.0045833150940764,0.9433962264150944,1.5025706446805147,0.5348837084910766,1.2322325430549326,0.7222222121913582
subject_68,3.440608898958323,0.996817100806267,0.6875,0.8611111111111112,0.33567223714334044,1.0,0.9412891795449138,0.9090909090909091,0.9845098781816143,0.8909090909090909,0.7508821399995214,0.9,0.5812006900003326,0.9,2.1696581270833426,0.875,1.8774928125000656,1.0,1.2831005857147013,0.6666666527777781,1.0396157870367864,0.685185172496571
subject_69,10.584399217534862,1.02870223566018,0.5,0.6434782608695652,0.8135348292304955,0.9846153846153847,1.413936389471545,0.5789473684210527,1.2009390769240922,0.75,1.5458166727330536,0.5454545454545454,3.8672333700000308,0.1,2.5766916460008362,0.9795918367346939,2.0892970648139317,0.88,1.2971058409086915,0.8604650962682536,1.269982829091499,0.8461538298816571
subject_70,5.032054458853913,1.0034287296007387,0.23529411764705882,0.3611111111111111,0.4032752149995455,1.0,0.7033898283011952,0.8679245283018868,0.7633379898312742,0.8813559322033898,1.2162653399980627,1.0,0.6575728600015281,1.0,2.3137218442296636,0.8235294117647058,1.8328138716425921,0.9701492537313433,1.121335849999923,0.7708333172743059,1.1160001014284457,0.7246376706574251
subject_71,4.916056809028254,0.9795003860657385,1.0,0.8348623853211009,0.37219782923101985,1.0,1.4228969326531467,0.673469387755102,1.1071788878052313,0.8292682926829268,1.060051436364037,1.0,1.312874300003221,0.8181818181818182,2.8536091644446264,0.8666666666666667,1.929823934694821,0.9791666666666666,0.7791185222220116,0.8666666474074078,0.9243679046878697,0.7968749875488284
subject_72,4.45304245312703,1.026464679719672,1.0,0.2204724409448819,0.9773629363594492,0.9454545454545454,1.4288211487824234,0.7560975609756098,1.2377571924523678,0.7547169811320755,1.0845212416703969,0.9166666666666666,0.9484836499905214,1.0,2.2327991019587454,0.98,2.297542083677028,0.8372093023255814,1.3145060418674528,0.8372092828555981,1.1323933968760684,0.8593749865722659
subject_73,3.69741081458316,1.0004764500007988,0.8571428571428571,0.8942307692307693,0.2989712542854249,1.0,1.7828404666658673,0.17777777777777778,1.7443195742841844,0.2,2.1258291499992388,0.8333333333333334,1.812718812498133,1.0,3.0330524627890214,1.0,1.8825996215397027,1.0,0.9639710400006152,0.8749999781250006,1.5931814775856388,0.8888888724279839
subject_74,6.055314785937703,1.036621554688736,0.9285714285714286,0.5263157894736842,0.4331597153833942,1.0,0.9585388627909747,0.9302325581395349,1.0811944245289404,0.8490566037735849,1.308452178571315,0.9285714285714286,1.562694490908391,0.9090909090909091,2.3861958456517365,0.9565217391304348,2.041216401666558,0.9830508474576272,1.598983227500139,0.8974358744247213,1.5508456796292363,0.830188663581346
subject_75,6.257660414410263,1.0678796726572273,0.8421052631578947,0.8623853211009175,0.34635933076810593,1.0,0.9671750859624968,0.7192982456140351,0.6771642195646722,0.7391304347826086,1.2621559416656964,1.0,0.5831169300043257,0.9,1.8947898199962219,1.0,1.8344019399979152,1.0,0.708748512767612,0.9148935975554554,0.7519478697351204,0.8684210412049863
subject_76,4.941982826909629,0.9817706545449751,0.9285714285714286,0.6261682242990654,0.4914713246154581,1.0,1.267218706381329,0.7872340425531915,1.1772896129628794,0.8888888888888888,0.9740799099992727,1.0,0.774195666667462,1.0,2.2943585600005463,0.92,1.927803627419522,0.967741935483871,1.2392263365856218,0.7999999800000005,1.4590168578129123,0.7460317341899725
subject_77,3.2807420750012977,1.0232377541668636,0.8,0.9809523809523809,0.38825578460953414,1.0,1.2062563934786064,0.8043478260869565,0.7982814130411261,0.8695652173913043,1.1362491100037004,1.0,1.0894699769112497,1.0,2.226668466666403,0.9322033898305084,1.993640282763377,1.0,1.3200729358986092,0.7368420858725767,1.0037870545471157,0.6969696864095503
subject_78,4.067783432117115,1.0131059723562652,0.3076923076923077,0.6181818181818182,0.4150771316664759,1.0,0.8517904148169758,0.7407407407407407,0.6036533175420278,0.8596491228070176,0.7728628454497084,0.6363636363636364,0.5553681299905293,1.0,1.889897467690305,0.9230769230769231,1.7920659571401691,0.9285714285714286,1.0457964948742675,0.7948717744904674,1.2087210913796924,0.5862068864447089
subject_79,2.5514136065972166,0.9936237211537411,1.0,0.0,0.9234519476922427,0.9846153846153847,1.0687615152174046,0.6956521739130435,0.910549346000007,0.74,1.3386369181816917,0.2727272727272727,1.4138794999998026,0.2,2.682854765999955,0.6,2.161641207272706,0.8867924528301887,1.6524723279069824,0.6428571275510208,1.3460567228070583,0.7017543736534321
subject_80,6.1316401965279335,1.0371901992242671,0.8421052631578947,0.9818181818181818,0.32514894799969624,1.0,1.0659577163265679,0.8571428571428571,1.0501600636353197,0.8545454545454545,0.8748128090903099,1.0,0.5798190399997111,1.0,1.9178142314819895,0.9814814814814815,1.8204979047624787,0.9841269841269841,0.8016069239125975,0.6304347689035921,0.9602608230774282,0.6461538362130179
subject_81,3.910506653993151,0.9948336976928448,0.8235294117647058,0.8053097345132744,0.377223167142282,1.0,1.14096617608669,0.6739130434782609,1.0773259904762242,0.6666666666666666,1.3218701999990468,0.9230769230769231,1.0050972857134184,1.0,2.2115822439998736,0.62,1.9137379758612951,1.0,0.7064823981139475,0.7547169668921327,0.8626123809526833,0.7619047498110357
subject_82,4.064046675694347,0.9701677666670487,0.9375,0.9328358208955224,0.3923439533372099,1.0,1.1406041416654868,0.8333333333333334,1.5312191209292885,0.7441860465116279,1.288531363634816,1.0,1.8678970900014975,0.9,2.0404835206984364,1.0,1.8893453870442938,0.9814814814814815,1.1561405639990698,0.6599999868000003,1.206872227117301,0.5762711766733699
subject_83,3.17910670815925,1.0398755299232674,0.4444444444444444,0.7339449541284404,0.3487036000023811,1.0,1.3693865767482474,0.5348837209302325,0.7540741249987539,0.8214285714285714,2.0756540909113195,0.7272727272727273,0.8807960100006312,1.0,2.291792536659826,0.9482758620689655,1.9305058616698565,0.9491525423728814,1.8217522600006002,0.613636349690083,1.303331625494905,0.5490195970780472
subject_85,5.874827729512617,1.0151956804333748,0.8,0.8220338983050848,0.4277244600022889,1.0,1.2339845133376204,0.7111111111111111,1.3823601837177912,0.7209302325581395,1.6416980500041973,0.8,2.258317354553252,0.7272727272727273,2.5710700583294965,0.851063829787234,2.0112525644017603,0.9298245614035088,1.3422115048771248,0.8536585157644265,1.2765109483894306,0.8032786753560873
subject_87,3.987598122916501,1.0484846435909152,0.8125,0.48514851485148514,0.5729876166655837,1.0,0.8939591999986642,0.8448275862068966,0.8380472085096854,0.8936170212765957,1.3364893166629674,1.0,1.9161690777723885,0.7777777777777778,2.1121950901944335,0.9411764705882353,2.122797416365409,0.88,1.4140350073178458,0.7435897245233405,1.2360929920604187,0.714285702947846
subject_89,4.501240130381827,1.0287432992368322,0.8,0.954954954954955,0.4131824485704003,1.0,1.0279948352961619,0.8823529411764706,1.2774876955566772,0.8444444444444444,1.5617963700031396,0.9,2.461810581817355,0.7272727272727273,2.074044012280259,1.0,1.9869656617024993,1.0,1.180045395745881,0.7872340258035314,1.3774775849025969,0.5192307592455624
subject_91,5.033099538888905,0.9992398079363435,0.47058823529411764,0.3394495412844037,0.369146875714536,1.0,1.7970465833332128,0.16666666666666666,1.2601917222223062,0.6,1.3628273714291157,1.0,1.549271958333217,1.0,2.2907019249999148,1.0,1.9790028183676756,1.0,1.7360553256410827,0.7948717744904674,1.6352450249998514,0.8039215528642834
subject_92,4.095976744099365,1.0002390240011736,0.75,0.9292035398230089,0.34169500571609074,1.0,1.043787856239457,0.75,0.9112130846187938,0.9038461538461539,0.8966520363676616,0.9090909090909091,0.6554605399956926,1.0,1.9530213360663229,0.9344262295081968,1.8892185431082156,0.9827586206896551,1.3137204454449767,0.7727272551652897,1.2077697830686631,0.43749999316406263
subject_93,3.0646532463542826,0.9713969681822963,0.7857142857142857,0.6779661016949152,0.3615110042852133,1.0,0.963725326315749,0.8245614035087719,0.6255413614031695,0.8947368421052632,1.4556595000018813,0.9166666666666666,0.7324126500010607,1.0,1.9198891016390827,0.9508196721311475,1.8891162262300552,0.9836065573770492,1.149316600000949,0.5333333214814818,0.6014505656722345,0.5522387977277792
subject_94,2.7605884333332917,1.0373332434782914,0.7142857142857143,0.9207920792079208,0.4145992076923274,1.0,1.7564352499998874,0.10869565217391304,1.7123161205127895,0.1794871794871795,0.683893900000991,1.0,0.7554588399998465,1.0,2.363407678431423,0.8627450980392157,1.9145891428570718,1.0,1.0657882717949598,0.7948717744904674,1.0167442016667336,0.8333333194444447
subject_95,3.313849030034362,1.0256090353459826,0.8333333333333334,0.5714285714285714,0.41058835846130165,1.0,1.0787824311125507,0.6888888888888889,0.9417250320012681,0.86,1.374286888891624,0.8888888888888888,1.6252951000033962,0.7272727272727273,2.449085872092414,0.813953488372093,1.862661965672229,0.8955223880597015,0.9626179145846739,0.7499999843750004,0.7784430414280256,0.7999999885714287
subject_96,3.9682753338541707,1.0051836155038854,0.875,0.5752212389380531,0.3835940171428514,1.0,0.9181054224999571,0.8,0.7517157919355081,0.9516129032258065,1.0197613777777912,0.3333333333333333,0.611599811111167,0.8888888888888888,2.035009932203354,0.9830508474576272,1.8771519000000076,1.0,1.0046446076922178,0.9487179243918481,1.1284210499999807,0.7878787759412307
subject_97,4.16763957361111,1.0417668338459267,0.8666666666666667,0.9739130434782609,0.35314668166677926,1.0,0.8562810346154668,0.8269230769230769,0.9392371785713858,0.8571428571428571,0.9506595166667466,1.0,0.6757352799999353,1.0,2.2083757722217947,0.9074074074074074,1.9211509603774175,0.9811320754716981,1.0948311068180951,0.7499999829545458,0.8810214688309752,0.6493506409175241
subject_98,3.8308713458328487,1.041258076921692,0.8571428571428571,0.9222222222222223,0.41509245428190167,1.0,0.9432660579995717,0.9,0.8294413528302992,0.9433962264150944,1.0348637090911241,0.9090909090909091,0.7721511599927908,1.0,2.652802887805681,0.8536585365853658,1.9387776368423242,0.9642857142857143,0.8871097711115403,0.8444444256790128,0.8898027705885504,0.8088235175173012
subject_99,3.8052944744796253,1.0025881023268945,0.9,0.5126050420168067,0.39423465428824006,1.0,0.9187156750069169,0.8181818181818182,0.7468145762775409,0.8813559322033898,1.011363400003492,0.8181818181818182,0.599079827285922,0.9090909090909091,2.291565175506771,0.9387755102040817,1.897302619643077,0.9821428571428571,0.8897162347043656,0.8775510024989592,1.1965087475398266,0.7499999875000002
subject_100,4.9698609812500205,0.9904373574626428,0.7333333333333333,0.907563025210084,0.5061409476922842,1.0,0.9630286551017685,0.8367346938775511,1.0076563921560164,0.8235294117647058,0.9956427416667187,1.0,0.7850147090913114,1.0,2.7541048042550487,0.6304347826086957,2.010491532691958,0.9803921568627451,1.1607182632655983,0.7755101882548942,0.92181650624957,0.7968749875488284
subject_101,3.9146861322914344,1.0045391000003128,0.6875,0.8842105263157894,0.5630553783334714,1.0,0.8643121777791681,0.8888888888888888,0.923977821054123,0.8421052631578947,1.2967727399984141,0.9,0.5330929999996442,0.9,2.194412403508945,0.8771929824561403,1.9290053038446506,0.9423076923076923,0.8445562021283587,0.8085106210955187,1.1506544169022956,0.5507246296996431
subject_102,3.1106419151033657,1.0158775977764485,0.8571428571428571,0.5619834710743802,0.3443188866600394,1.0,0.9459766100044362,0.7,0.6745149421039969,0.8421052631578947,0.5869135090827264,1.0,0.8589792272859168,1.0,1.8949029285805798,0.8928571428571429,1.8343565348398194,0.9696969696969697,0.6542633499996736,0.7999999840000004,0.6620456197243315,0.5915492874429678
subject_103,3.6587093048619863,0.9973404124997186,0.8125,0.7833333333333333,0.36885254461622724,1.0,0.7474998019248372,0.9615384615384616,1.1472582391326558,0.782608695652174,0.7588756153798806,1.0,0.5633190222175067,1.0,2.493425910203119,0.8979591836734694,1.9214514698435936,0.9838709677419355,1.074388404354028,0.7173912887523634,1.1315834064519168,0.6290322479188347
subject_104,2.5734534623265595,1.0284833575215653,0.6428571428571429,0.9696969696969697,0.4007988928566712,1.0,0.9456124846155245,0.8269230769230769,0.8673909226413772,0.8679245283018868,1.4639438083334728,0.9166666666666666,0.8247148888880879,1.0,1.9731604199991455,0.9818181818181818,1.949326961017628,0.9830508474576272,1.0204885289472019,0.8947368185595574,0.8947971000003463,0.7968749875488284
subject_105,3.2812216795127824,1.0083657215353854,0.6666666666666666,0.6696428571428571,0.4113303973331737,1.0,0.9246283224191726,0.8103448275862069,0.7543477750060936,0.8461538461538461,1.5739052899938542,0.9,1.7369235818094404,0.8181818181818182,1.9072912355906615,0.5084745762711864,2.018439850795807,0.8548387096774194,1.2234267128141931,0.6153845996055232,1.1612115366176152,0.4084506984725254
subject_106,3.6177699005209862,1.0080441953484627,0.7333333333333333,0.9298245614035088,0.3558495671422861,1.0,1.0706567073163857,0.8048780487804879,0.9320456999995748,0.8076923076923077,0.8392169454541132,0.9090909090909091,1.0461288166685943,0.75,2.1529318076925565,0.9807692307692307,1.8512833327871794,0.9836065573770492,1.6483004636366703,0.8409090717975212,2.0534882783340436,0.4642857059948981
subject_107,3.946481472048592,1.0338847878564723,0.7333333333333333,0.88,0.4589312714287579,1.0,1.0237805309523191,0.6904761904761905,1.047819500000867,0.7346938775510204,1.9811570700010634,0.6,1.9630670399987138,0.9,2.689570051786047,0.8928571428571429,2.019095617021679,0.9347826086956522,1.2392544555552174,0.8222222039506177,1.0939453852448333,0.6721311365224404
subject_108,2.9763034734369285,1.0208949983429765,0.75,0.8952380952380953,0.37903706571586165,1.0,1.0306144099985248,0.84,0.6674657836079323,0.819672131147541,1.0035973399993963,1.0,0.6632436889146144,1.0,2.2838711725643783,0.9411764705882353,2.0429111559307045,0.9649122807017544,1.1155708073155681,0.9512194889946467,1.0761715425889835,0.7222222088477369
subject_109,2.9725112151043303,1.0092676919999066,0.5,0.944954128440367,0.4959828416664095,1.0,1.1061913630436049,0.8260869565217391,0.8191672462966785,0.7777777777777778,1.7387705818202284,0.9090909090909091,1.1756296727266586,1.0,2.505349658536455,0.7560975609756098,2.1078921216671005,0.9491525423728814,1.0112104375005704,0.9374999804687505,1.1339602888894862,0.6825396717057195
subject_110,3.473245495659436,1.016970321126766,1.0,0.3046875,0.3105823446145783,1.0,0.5478531982137481,0.7678571428571429,0.7133721033879753,0.8983050847457628,0.9270716100028948,1.0,0.5727062909096606,1.0,2.1781340963630513,0.8727272727272727,1.827101876785621,1.0,0.6350022279971745,0.6799999864000003,0.5316040370976665,0.6774193439125913
subject_111,2.9229779694444207,1.0574417284401074,0.9,0.6161616161616161,0.4864108542858698,1.0,0.6752192953128997,0.84375,0.9235274755557636,0.7555555555555555,4.1787466444438905,0.0,0.5704557750001792,1.0,2.760239964150626,0.8653846153846154,2.033766603226057,0.9508196721311475,0.7932143212767303,0.8510638116794934,0.8795613235292609,0.7058823425605538
subject_112,4.316551185245165,1.0392712541955402,0.47058823529411764,0.6228070175438597,0.4436706499911712,1.0,0.67825664286243,0.8412698412698413,0.8948962565990305,0.8867924528301887,1.1330067111153364,0.7777777777777778,1.8161178916537513,0.8333333333333334,2.232550382692492,0.9807692307692307,1.9211312867920705,0.9622641509433962,1.7013305561026422,0.9024390023795366,1.4464834533340762,0.7457626992243611
subject_113,3.7588509972223516,1.0106900260275014,0.8571428571428571,0.9318181818181818,0.4116725500002455,1.0,1.266526539999662,0.8222222222222222,0.9588254730767333,0.8846153846153846,1.1776248181816877,1.0,0.7581213333335958,1.0,2.620618947727218,0.8372093023255814,2.015426411666825,0.9666666666666667,1.2144713416663155,0.8541666488715282,1.2563101016130531,0.5645161199271593
subject_114,2.7205650302090465,1.0225684975195977,0.8571428571428571,0.5420560747663551,0.4117424271418713,1.0,1.1665845108699338,0.6521739130434783,1.015820023255845,0.7441860465116279,1.703791272728598,0.45454545454545453,1.0127880400017601,1.0,2.5606949042523914,0.8695652173913043,2.2804083943384574,0.7959183673469388,1.2035811047625473,0.8095237902494337,1.218464155553698,0.7962962815500689
subject_115,3.763137137326592,1.0077198111941281,0.7058823529411765,0.9145299145299145,0.3574775700011135,1.0,0.7913293000009756,0.864406779661017,0.9491932959175831,0.7346938775510204,1.7002052583363063,0.9166666666666666,0.6982962400041288,1.0,2.399230570831302,0.7659574468085106,1.9677932312533812,1.0,0.9998830500013095,0.6190476043083905,0.8308641279989388,0.813333322488889
subject_116,5.918002275868111,0.996205419285408,0.9473684210526315,0.9669421487603306,0.30715434000031866,1.0,0.8465396785713892,0.8214285714285714,0.884040996491278,0.8596491228070176,1.316652714286777,1.0,0.6848046666661199,1.0,1.9120435683330774,0.9833333333333333,1.8766490701751186,0.9824561403508771,0.8953772792458108,0.8113207394090427,1.0071699485295753,0.6029411676038063
subject_117,3.658282014062479,1.0346849376153908,0.8571428571428571,0.9157894736842105,0.33884432499908146,1.0,1.3854315489362752,0.5531914893617021,1.1975718382987481,0.9148936170212766,1.1441394200010109,1.0,0.6554585750018305,1.0,3.497153183720129,0.8571428571428571,1.987108189999708,0.9491525423728814,0.7538471509792097,0.9019607666282203,0.9472542158729906,0.7619047498110357
subject_118,3.964846796354234,0.9872886155172668,0.5,0.62,0.40477898333344153,1.0,0.7674026090909055,0.8636363636363636,0.7520939770496864,0.8852459016393442,0.9123046545454682,0.2727272727272727,0.6023158222221051,0.7777777777777778,1.9714288132078919,1.0,1.8690893301883886,1.0,0.74725058979571,0.9387754910453981,0.7700778638888247,0.7777777669753089
subject_119,3.3321820092012584,1.0150285470593672,0.8235294117647058,0.8907563025210085,0.7785080145462416,1.0,1.7966686939387617,0.15151515151515152,1.6808720769238277,0.2564102564102564,1.254881845456442,1.0,0.9270609272736526,1.0,2.2454399763627655,0.7777777777777778,1.9483912946421438,0.9642857142857143,1.2236301166651953,0.7619047437641728,1.1569836672409517,0.7413792975624259
subject_120,4.568955716319473,0.9893889543307122,0.8125,0.8648648648648649,0.40589550571429367,1.0,0.9768342212766506,0.851063829787234,1.0335887545455658,0.8409090909090909,0.9846156083332289,0.9166666666666666,2.558908859999929,0.7,2.571500802127609,0.9148936170212766,1.9982300538462054,0.9607843137254902,1.1097301600000316,0.7555555387654325,1.050065088405801,0.8405796979626131
subject_121,8.349463342187532,1.0018351175183546,1.0,0.0,1.821789953999978,0.84,2.027386104651203,0.0,2.015939557142805,0.02857142857142857,4.040371163636585,0.0,4.147463545454395,0.0,5.056018246666644,0.0,2.85343788409095,0.08333333333333333,5.521134555555566,0.0,5.521188251613034,0.0
subject_122,3.4067207822917345,1.0384728119402844,0.7857142857142857,0.8083333333333333,0.33947678769226725,1.0,0.69165664629603,0.7037037037037037,0.6654163795915802,0.8163265306122449,1.1315718230770682,1.0,0.8624784727260042,0.8181818181818182,2.097949312962791,0.7962962962962963,1.8971009852455192,1.0,1.5097647179486207,0.6410256245890866,1.5114397820000887,0.7346938625572681
subject_123,4.437174180555555,1.007086945237201,1.0,0.8584070796460177,0.3647323625000354,1.0,1.205554235898233,0.7948717948717948,1.1668914255309613,0.851063829787234,1.1537378454549154,1.0,0.8760645000002114,1.0,2.077645528071515,0.9824561403508771,2.1079024439994827,0.9591836734693877,0.9319444410256648,0.8205127994740309,1.0221046191171113,0.8088235175173012
subject_125,3.9267582690970864,0.9909525893622199,0.8888888888888888,0.8699186991869918,0.39085732769140474,1.0,0.7839474465117958,0.7906976744186046,0.6862051062486595,0.7291666666666666,1.6222656166670884,0.8333333333333334,1.559946250001667,0.9,2.0372559692315497,1.0,1.9244663716672221,1.0,1.1507714441872532,0.9285714064625856,1.3638234789464867,0.6785714164540819
subject_126,6.58609681232642,0.971207771311464,0.875,0.9528301886792453,0.5788147799999602,0.9818181818181818,1.0622092244898154,0.7551020408163265,0.9144349090909352,0.9090909090909091,0.9899900400000661,1.0,0.7050564699999995,1.0,2.067585277193055,0.9824561403508771,1.9112814983049464,1.0,1.821303445238105,0.7317072992266512,1.092951798591555,0.7323943558817697
subject_129,1.9853817706587304,0.9869101855946286,0.8823529411764706,0.2871287128712871,1.201568138335521,0.85,1.0175746678557647,0.6785714285714286,1.032195034095573,0.4772727272727273,4.297246009996161,0.0,4.707479159993818,0.0,2.2825362800049005,0.8888888888888888,1.8847595560003538,1.0,3.204772669438777,0.7727272376033073,5.520875413793717,0.0
subject_130,3.1757259562507696,0.9961433812918095,0.7058823529411765,0.23140495867768596,0.6107235454573211,1.0,1.8358095166691957,0.14285714285714285,1.9220534767373465,0.16279069767441862,1.6939846571476664,0.7857142857142857,2.4408082000075164,0.9090909090909091,2.9588463386317017,0.7142857142857143,2.3767745431806278,0.7631578947368421,1.7008719763160978,0.6944444251543216,2.5250551340895155,0.677419332986473
subject_131,3.488459342360784,0.9982486244449521,0.75,0.9159663865546218,0.44307261428558764,1.0,0.9959116519987583,0.76,0.7708255016396669,0.7540983606557377,1.531632830000308,0.6,1.3990933299966855,1.0,2.2511757867933,0.8301886792452831,1.9341728046890694,0.984375,1.3062240904747298,0.6428571275510208,1.1152700966101246,0.7118643947141629
subject_132,4.248856328992638,1.0223059154914538,0.7142857142857143,0.625,0.4321132272735915,1.0,1.1117433978240867,0.8043478260869565,0.9933751480773656,0.8846153846153846,2.009235763636587,0.9090909090909091,2.96945600999461,0.7,2.6617415477283597,0.7045454545454546,2.0968460406796314,0.9824561403508771,1.476402474999001,0.885714260408164,1.8973103981132329,0.5660377251690996
subject_133,4.2417731017363725,1.016922017796186,0.8666666666666667,0.6990291262135923,0.3327822557155741,1.0,1.101639361221139,0.8163265306122449,0.9428974454541194,0.8181818181818182,1.2297898599877954,1.0,0.628343770003994,1.0,2.1398565888882364,0.9259259259259259,1.867996313205573,1.0,1.6757539521742095,0.8666666474074078,1.423889662903328,0.5967741839229971
subject_134,2.5095768854154006,1.0289429675683857,0.5714285714285714,0.8111111111111111,0.699207006152182,0.9692307692307692,1.369226160873001,0.34782608695652173,1.0661782173910583,0.6739130434782609,1.1997977875071228,1.0,1.4995893181926063,0.9090909090909091,2.6323749103446907,0.7192982456140351,2.2369818811300473,0.8478260869565217,1.71669882666837,0.6046511487290431,1.5046082196422503,0.7924528152367394
subject_135,4.9794829435758805,1.029462382049871,0.6923076923076923,1.0,0.3912635866654455,1.0,1.0791334400023334,0.9,1.0318043085088844,0.8297872340425532,1.1513852666701294,1.0,0.7079758777755261,1.0,2.1088483350855918,0.8947368421052632,1.966711783928726,0.9272727272727272,0.796068158694138,0.8695651984877131,0.8706713263883203,0.6805555461033952
subject_136,3.5916799050344506,1.0144037537321486,0.6428571428571429,0.8,0.31922120666519427,1.0,1.4029542194402893,0.6666666666666666,0.8701773627442034,0.9019607843137255,1.2908556538436993,1.0,1.643241788887988,1.0,2.478250141303642,0.8695652173913043,1.9695401763628153,1.0,1.0023848488358347,0.9069767230935646,1.430690162499862,0.7499999843750004
subject_139,4.2387362185762765,1.0429666931629002,0.8888888888888888,0.8425925925925926,0.41757419076927293,1.0,0.9284611740726244,0.9259259259259259,1.0072324145437133,0.8909090909090909,1.1563243888797134,1.0,0.7860520727276294,1.0,2.1378042849043233,0.8076923076923077,1.9530233240727317,0.9629629629629629,0.9858079186036944,0.9069767230935646,1.658499303845299,0.6274509680891968
subject_140,3.35931366128524,1.0008819499997743,0.38461538461538464,0.8165137614678899,0.4292376076927982,1.0,0.7199545759326106,0.9074074074074074,1.2204717444437039,0.6444444444444445,1.7907323857154032,0.8571428571428571,1.215076346664379,1.0,2.459712326924021,0.8235294117647058,2.0016088899981694,0.9833333333333333,1.4500672181801002,0.7272727107438021,0.9253447985088925,0.7313432726665183
subject_141,4.002894104686472,1.027245734307157,0.9411764705882353,0.8916666666666667,0.3678691036364233,1.0,0.8396036310336183,0.9137931034482759,0.921868087804774,0.975609756097561,0.6073802900093141,0.3,0.5938623454580507,1.0,1.9626726465518507,0.8793103448275862,1.9051313145159399,1.0,1.4898625422191496,0.7111110953086424,1.2932618693542486,0.8387096638917797
subject_142,5.6283238968750124,1.0086502268907644,0.9473684210526315,0.86,0.44439076666663674,1.0,1.110325901960809,0.8627450980392157,1.318924227272646,0.7954545454545454,1.3627636363638553,1.0,0.6839650909092101,1.0,3.0635204400000475,0.68,2.03494115409836,0.95,1.3514689512194753,0.8048780291493164,1.1733827719298653,0.8245613890427826
subject_144,3.8553455131930403,1.0267124622051904,0.9230769230769231,0.8859649122807017,0.45409054999472576,1.0,1.0412118320039008,0.84,1.2287159489862127,0.8367346938775511,1.127091624997168,1.0,0.6002169499988668,1.0,3.0311546717988302,0.9210526315789473,2.025520571697512,1.0,1.2098945930267164,0.8139534694429427,1.2458192103458088,0.7758620555885852
subject_146,4.184077347570059,1.0302309029400074,0.6666666666666666,0.7816091954022989,0.35703839000101045,1.0,1.0818214382966387,0.8085106382978723,1.0096489690463168,0.8095238095238095,1.4105236700095702,0.9,0.7797402090985667,1.0,2.9019193190490893,0.6585365853658537,1.996057113109645,0.9833333333333333,0.9739142020819903,0.8333333159722226,0.956641476471251,0.7647058711072666
subject_147,2.733027889062612,1.0447386496063384,0.625,0.5045045045045045,0.394620165714254,1.0,1.4243663608695383,0.6304347826086957,0.9461965686269276,0.9411764705882353,1.7678597300000547,1.0,2.4176256090904644,0.8181818181818182,2.640277856862453,0.8823529411764706,2.037461649123048,1.0,1.4925316999995333,0.6279069621416986,1.0791802456134751,0.5789473582640815
subject_148,3.397269187150515,1.030520170502425,0.5625,0.8373983739837398,0.4655951599972988,1.0,0.9180409666561686,0.8235294117647058,0.7780947559315837,0.8983050847457628,1.8024345111075997,1.0,0.8361812181961299,1.0,2.5977046066688168,0.7555555555555555,1.893100568515904,1.0,1.626115272721191,0.5909090774793392,1.1971190384589137,0.6307692210650889
subject_149,3.2031784630207767,1.006996181450602,0.9230769230769231,0.6036036036036037,0.33003293999897626,1.0,1.8328490891923335,0.2702702702702703,1.1213376729180407,0.7916666666666666,1.0959399181857323,0.9090909090909091,0.6160932333312101,1.0,3.009920182980305,0.9130434782608695,1.9741187074062139,0.9629629629629629,0.764230986668392,0.888888869135803,0.7675819968767428,0.8124999873046878
subject_150,2.799720500520814,0.9915038942857661,0.8823529411764706,0.6260162601626016,1.4560551599999234,0.8,0.9569968214285609,0.8392857142857143,0.8731538595743876,0.8936170212765957,1.3667306999997726,0.6363636363636364,0.9257920533336195,0.8666666666666667,2.37513415510209,0.7551020408163265,2.030448149122876,0.9642857142857143,1.1482828921053194,0.9473683961218844,1.5730187203390738,0.7758620555885852
subject_153,4.427404045312439,1.0128688288135335,0.5555555555555556,0.62,0.3521882366663097,1.0,1.874472779998905,0.17777777777777778,1.094467396227388,0.7924528301886793,1.7704177818165838,1.0,0.6652222923103881,1.0,2.3264127679252646,0.8269230769230769,1.9883612379311797,0.9473684210526315,0.8769537387754321,0.8163265139525202,0.8820833214284254,0.5714285632653062
subject_154,4.86571946892986,1.0125162073077891,0.9411764705882353,0.7547169811320755,0.34886741666705345,1.0,1.790938199997816,0.11363636363636363,1.8353274948626326,0.1282051282051282,1.3195915999928152,0.9090909090909091,0.6352157249930315,0.875,2.076250834542919,0.8909090909090909,1.939494057142708,0.967741935483871,1.235744134142495,0.3414634063057706,1.1603026069010254,0.6034482654577885
subject_155,2.8378593845486018,1.025925636697222,0.8333333333333334,0.8144329896907216,0.8609628377778993,1.0,1.068265650000008,0.6956521739130435,1.233838754000244,0.8,2.6005306222222213,0.2222222222222222,3.157209721428444,0.21428571428571427,2.284955458928315,0.5636363636363636,2.8252123019609665,0.07142857142857142,1.2125413090913175,0.7727272551652897,0.9667796693546763,0.5573770400429994
subject_156,4.975086812326178,0.987063526667078,0.9444444444444444,0.9425287356321839,0.3434505142911803,1.0,1.1887495113165505,0.8490566037735849,1.2184429041675078,0.875,1.1352739916716625,1.0,0.6459945700014942,1.0,2.4077616461559397,0.9607843137254902,1.8808681344862321,1.0,1.5103702999966002,0.9361701928474427,1.9252443020398329,0.6521738988657848
subject_159,3.677549155900124,1.0297193510855556,0.7058823529411765,0.575,0.39710191000319484,1.0,1.0735659560915538,0.7560975609756098,0.9408983372507945,0.7058823529411765,0.6646355111151934,0.6666666666666666,0.8060239999839622,1.0,2.3536029880004934,0.8367346938775511,2.1745550423757947,0.8867924528301887,1.2458811020793898,0.812499983072917,0.983450294032679,0.7462686455780799
subject_160,3.9321806949652807,1.0136796576000051,0.8571428571428571,0.5585585585585585,0.42086060615424337,1.0,0.8603831288889826,0.9333333333333333,0.8798668175437151,0.9122807017543859,0.8973475090897409,1.0,0.7849686999996064,1.0,2.0996519584905573,0.9433962264150944,1.955223333333361,0.9607843137254902,1.2538594317073415,0.7804877858417614,1.1226109830506976,0.6610169379488655
subject_161,5.113320051562551,1.0024982851850734,0.6666666666666666,0.9024390243902439,0.33608937538450007,1.0,0.9203694160713505,0.8392857142857143,1.057485121052371,0.9122807017543859,0.7276424083338497,1.0,0.8495035714284833,1.0,2.851116923913176,0.8222222222222222,2.0364078851851244,0.9444444444444444,1.0490691622223596,0.8666666474074078,0.9103114413789846,0.6206896444708683
subject_162,3.15700359461808,1.009897641025426,1.0,0.0,0.4180231716662092,1.0,1.258924299999651,0.7111111111111111,0.7401420423080148,0.9038461538461539,1.420863229999668,0.9,1.4485130357144433,0.9285714285714286,2.1742438854168236,0.8958333333333334,1.8814195193552867,1.0,0.9977001957445185,0.8723404069714807,0.7312533061541706,0.784615372544379
subject_163,2.6138545046819166,0.9994598524917432,0.6111111111111112,0.2601626016260163,0.7925043753885592,1.0,0.9150976719893515,0.64,0.8261867420002819,0.84,1.859265254545872,0.5454545454545454,2.1689791899872946,0.8,2.6380554212732834,0.4782608695652174,2.2023423717347095,0.75,0.9780882613585246,0.7674418426176316,1.0466662285699775,0.7142857015306125
subject_164,3.9131193562499726,1.0305769855998805,1.0,0.9279279279279279,0.39191896133318854,1.0,0.7662831851855487,0.8888888888888888,0.6628207301892305,0.8679245283018868,0.7445215900006588,1.0,0.5436340636350162,1.0,2.2006521983048977,0.8135593220338984,1.8602887124996934,1.0,0.7280254446807877,0.8085106210955187,0.9425167749999245,0.8235293996539794
subject_165,5.240894416319382,0.9895928103998886,0.8125,0.7981651376146789,0.3691939166665785,1.0,0.7745346436364343,0.8727272727272727,0.7240732125010254,0.9642857142857143,1.1351377818176511,0.9090909090909091,0.6314806818190846,0.9090909090909091,2.657305073469244,0.9591836734693877,1.8542183574075655,0.9814814814814815,1.294296665908901,0.7045454385330583,0.9498160753620154,0.695652163831128
subject_166,3.5842598807288493,0.9832717833327479,0.8235294117647058,0.9320388349514563,0.35146458182028834,1.0,1.0918855083333863,0.7708333333333334,0.9584757816343454,0.9183673469387755,1.2262153545452747,0.9090909090909091,0.9002251999991131,1.0,2.117675852724774,0.8363636363636363,1.9283578423738787,0.9830508474576272,1.5241006249976636,0.5499999862500004,1.2209042431387191,0.7058823391003464
subject_167,3.20939567534724,0.975685297122202,0.8,0.27419354838709675,0.457392566154102,1.0,0.904892558536564,0.8292682926829268,0.6468635509087604,0.8,2.464629411110865,0.3333333333333333,0.9677199499994458,1.0,2.595198004761793,1.0,1.8952167979169492,0.9791666666666666,1.487890333333457,0.9111110908641981,1.0844496169490212,0.8983050695202531
subject_168,3.6529571810755845,1.0510047938635882,0.8461538461538461,0.8613861386138614,0.3807874338504357,1.0,0.9158464740007184,0.84,0.8485549534369935,0.9137931034482759,0.8871114545459435,1.0,0.8114424500381574,1.0,2.217544680399656,0.9019607843137255,1.9134222799858365,1.0,1.1805974230676208,0.7884615232988169,1.0781108462616606,0.7014925268433951
subject_169,3.515977755381755,1.0061894354833882,0.8125,0.7777777777777778,0.3939343349998429,1.0,0.9533332119998522,0.88,0.8387542754390508,0.8596491228070176,0.8400702692311964,0.7692307692307693,0.7079980599992268,1.0,2.2868571380001956,0.82,1.96911384333398,0.9830508474576272,0.9713080615386925,0.7948717744904674,0.8511552927535587,0.7391304240705736
subject_173,2.3956558857636687,1.0214940114515543,0.47058823529411764,0.9824561403508771,0.39377348769115855,1.0,0.7124163111112904,0.7592592592592593,0.6591984315781972,0.8245614035087719,0.7682443300014711,1.0,0.5868363499976113,0.8333333333333334,2.8005585629618035,0.8518518518518519,1.914820321537823,1.0,1.0468033836733988,0.6122448854643902,1.0672702016387627,0.721311463585058
subject_174,3.877884225003476,0.9724805878764583,0.8125,0.6982758620689655,0.42579114308688215,1.0,1.6333010829218504,0.6829268292682927,1.5876623609688179,0.7317073170731707,0.9368093384411902,1.0,2.040918890905397,0.6363636363636364,2.023747989650944,0.9827586206896551,1.9166784907466974,1.0,1.650872915558931,0.8444444256790128,1.2349081655165406,0.7894736703601111
subject_175,5.098611883507399,1.011054229322791,0.8666666666666667,0.6271186440677966,0.2839962916686394,1.0,1.247574097825513,0.8695652173913043,1.3369913567596972,0.7027027027027027,0.9794710272637365,1.0,1.067910969996592,0.9,1.9713857396229013,0.9622641509433962,1.8982971326947267,0.9615384615384616,1.495501334144359,0.9024390023795366,1.4585734245879767,0.5245901553345876
subject_176,5.493946610590102,1.0780895677961457,0.7058823529411765,0.8811881188118812,0.4623705833335407,1.0,1.140447664150654,0.8679245283018868,1.2589391153857996,0.7692307692307693,1.9865338818186005,0.7272727272727273,0.9513477545432661,1.0,3.6425687755561538,0.6428571428571429,2.0328665535718238,0.9814814814814815,1.3915479365841303,0.7317072992266512,1.2884974523802244,0.6885245788766463
subject_177,4.158677801908198,1.041591768755877,0.38461538461538464,0.29292929292929293,0.41933350428506466,1.0,0.8056281595812873,0.8723404255319149,0.9890756618974376,0.8333333333333334,0.9180293181932278,1.0,1.0823967299656942,1.0,2.59296443000203,0.76,1.9279322250004043,1.0,0.8527365775389255,0.8775510024989592,1.0568348232066325,0.6727272604958681
subject_178,4.131602592187537,1.0795601060346975,0.5882352941176471,0.9494949494949495,0.3637884107694285,1.0,0.7872786553193595,0.7872340425531915,0.657138710203925,0.8775510204081632,0.5922910222228287,1.0,0.5209456111119329,0.8888888888888888,2.439704744186138,0.9534883720930233,1.8635735224136718,0.9827586206896551,0.9540949414633094,0.7073170559190962,1.0207838262292364,0.6721311365224404
subject_179,3.7530855026047902,1.0138365352514163,0.7647058823529411,0.9180327868852459,0.3340225814276242,1.0,0.892610982144106,0.75,1.0372477333307162,0.8222222222222222,1.027746709989151,1.0,0.6996278090836395,1.0,2.384179640817337,0.8541666666666666,1.901527768656448,0.9402985074626866,1.139349627503543,0.9230768994082847,0.8773925223886453,0.8208955101358879
subject_180,2.1815933758650012,1.0112708965316415,0.5625,0.953125,0.37024995091963897,1.0,0.3668286389892258,0.5423728813559322,0.2729594971518964,0.4714285714285714,0.7547930249711499,1.0,1.161157690877603,0.9090909090909091,2.1032853267679457,0.8571428571428571,1.8782233169491767,0.864406779661017,0.598039218198127,0.7045454385330583,0.3171823920841378,0.5789473608033242
subject_181,4.052001240799149,1.054911202563542,0.7333333333333333,0.8235294117647058,0.35311465833801775,1.0,1.0765238585299812,0.7073170731707317,0.989648216361688,0.7454545454545455,1.103428116660022,1.0,0.6067662111082528,1.0,2.2155218708260995,0.625,1.9074124879352268,0.9310344827586207,0.8914703155570249,0.9333333125925931,0.8927763872983171,0.8095237966742255
subject_182,3.2298854057291604,1.0510368983050438,0.6666666666666666,0.3300970873786408,0.5042524457142333,1.0,0.9522934578947474,0.7368421052631579,0.7576031785714576,0.8392857142857143,2.425345390000075,0.5,1.2254525444444273,1.0,2.158151477049152,0.8524590163934426,2.285628396721222,0.8035714285714286,2.140950326470575,0.7187499775390632,1.7886633847457325,0.42105262419205924
subject_183,4.135175402082698,0.9559608269466339,0.6923076923076923,0.921875,0.41414360666434125,1.0,1.1215708047647717,0.8809523809523809,1.065504369390083,0.7551020408163265,0.9949987818307074,1.0,0.6787352333323926,1.0,2.0833085038488766,0.8846153846153846,1.896391419608228,0.98,0.9290536093040976,0.9069767230935646,0.859175462822,0.8589743479618673
subject_184,3.3858098394044243,1.0000254264455442,0.8888888888888888,0.23300970873786409,0.3838849169345429,1.0,1.1071850938760504,0.7755102040816326,0.7763120088881502,0.9111111111111111,1.1990612273062156,1.0,1.3854197000360324,1.0,2.6178449877799013,0.7560975609756098,2.0692946063539397,0.9838709677419355,1.3123407979146577,0.9787233834314174,1.0824763968739717,0.6718749895019533
subject_185,4.825393298437579,1.0252977266666978,0.7777777777777778,0.9509803921568627,0.4768507839996164,1.0,1.167337502222007,0.9111111111111111,1.394968256757066,0.6486486486486487,1.1284389727268056,1.0,0.6785052818182025,1.0,2.4906538695649547,0.9782608695652174,1.9965324188679177,1.0,1.279059834090979,0.8863636162190087,1.3954354283020431,0.7692307544378701
subject_186,3.656264486457884,1.0119128151992336,0.7142857142857143,0.954954954954955,0.3801441000022281,1.0,1.681966408889275,0.28888888888888886,1.6966773846189682,0.28205128205128205,1.2825067799945828,1.0,0.9057363666684574,1.0,2.1504009636362422,0.9272727272727272,1.9814356771959483,0.9821428571428571,0.9740382361701353,0.8297872163875061,0.9905848358236531,0.8507462559590111
subject_187,2.5536588121524093,0.9780303050143023,0.8,0.24761904761904763,0.351328895719988,1.0,1.1482420414629415,0.6341463414634146,0.6572295040871036,0.8571428571428571,0.8586556454485451,1.0,0.58563229998108,1.0,1.9785566812497564,0.96875,1.8601363660143864,0.9423076923076923,0.6490659204368688,0.8367346768013332,0.7237080444724092,0.5833333252314816
subject_188,3.2255533133676786,1.031883115447065,0.5,0.9724770642201835,0.42994163857240764,1.0,1.1294570355566167,0.9333333333333333,0.8567819307707116,0.8461538461538461,1.1471338916671812,1.0,0.6917208699989714,1.0,2.2282034400006525,0.9,1.9484347384621707,0.9615384615384616,1.3333699395846754,0.8333333159722226,1.483261896077345,0.7799999844000004
subject_189,3.7885028246528742,1.034829389654925,1.0,0.07547169811320754,0.42046413333300736,1.0,1.464909300001131,0.6666666666666666,1.1920558369570442,0.8260869565217391,1.1486090599937597,0.9,0.6897271272715774,1.0,2.411657913460938,0.803921568627451,1.9530920648130294,0.9629629629629629,1.0847377921048686,0.8421052409972306,1.0697495459023574,0.8688524447729108
subject_190,3.162130106075084,1.0148560704385012,0.7142857142857143,0.5742574257425742,0.4545957099966472,1.0,0.785049584618089,0.9038461538461539,0.6906424875019833,0.8214285714285714,1.8965128888893459,0.7777777777777778,1.3439842444430623,1.0,2.3908441749990743,0.8333333333333334,1.9417312061235936,0.9795918367346939,1.4149748199997703,0.8249999793750006,0.9291046831009149,0.7464788627256499
subject_194,3.2436173953123113,1.0580521674037704,0.9411764705882353,0.9661016949152542,0.33556539285761705,1.0,1.079820676005911,0.88,0.8602180473675968,0.9649122807017544,0.875245640007779,1.0,0.6440288499987219,0.9,2.5929350625010557,0.8571428571428571,1.845115894229541,1.0,0.8426944288467684,0.8461538298816571,0.7980332861547,0.8923076785798819
subject_195,3.7661117355906604,0.9721101644054061,1.0,0.00980392156862745,0.45352365428615093,1.0,1.0057136218172011,0.8,1.0241963428556378,0.8214285714285714,1.6653441499947803,0.8,0.7407980272731617,1.0,2.2871536350001405,0.7333333333333333,1.9971378107694013,0.90625,0.9523127403853533,0.9038461364644974,0.9713737666662339,0.841269827916352
subject_196,4.135099171179617,1.015534382756671,0.375,0.9302325581395349,0.3319130766632346,1.0,0.823002577183376,0.8070175438596491,0.8938423400069587,0.92,0.7634692399878986,1.0,0.6042198300012387,0.8,2.50528710216547,0.9565217391304348,1.831621456141747,0.9649122807017544,0.9589492211548182,0.8076922921597637,0.7879171805478917,0.8194444330632717
subject_197,3.0019142149273343,1.043662265049127,0.4666666666666667,0.9629629629629629,0.7147827516736773,1.0,0.6932527714151158,0.8571428571428571,0.833643001929606,0.8076923076923077,0.7853891111444682,0.8888888888888888,0.76709486362101,1.0,2.5011581509277434,0.7307692307692307,2.097218325007886,0.8823529411764706,1.0405582666474704,0.6666666507936512,1.0448078150046058,0.6666666555555558
subject_198,4.085456650347421,1.0137092132730188,0.7333333333333333,0.8775510204081632,0.37911323200290403,1.0,1.178397344684159,0.7872340425531915,1.2070979048844381,0.7804878048780488,1.478629500005627,1.0,0.9291238583343026,0.9166666666666666,2.6281204321421683,0.7142857142857143,2.0959110636369918,0.9814814814814815,1.47242662999779,0.7567567363038721,1.099047032352674,0.49999999264705897
subject_199,3.460834972217021,1.0006255130785016,1.0,0.957983193277311,0.3242555490927771,1.0,0.9297226977254137,0.8409090909090909,1.056791545828067,0.8125,0.8377570888777781,1.0,0.6185865100007504,1.0,2.1482517145468263,0.9636363636363636,1.9066221523080737,1.0,1.637299005260789,0.9210526073407209,1.4755212218140845,0.7222222088477369
subject_200,3.892110819791444,0.9981726179686348,0.8125,0.9553571428571429,0.3673396900001015,1.0,0.9978073347829985,0.8695652173913043,1.014859773170717,0.9024390243902439,1.0349470333344977,1.0,0.8134346900013043,1.0,2.18375503999996,0.9777777777777777,1.9422838533314157,0.9666666666666667,1.24149455952526,0.7380952205215424,0.8714675131155136,0.5901639247514111
subject_202,7.955891239583151,1.0455335755878326,0.6153846153846154,0.5877192982456141,0.5675733683378591,1.0,1.0149803312451695,0.875,1.416646795120181,0.8536585365853658,1.2576315090938641,1.0,1.1206900222201108,1.0,2.422186181135915,0.9811320754716981,2.0781761431044914,1.0,1.0397824574437766,0.9574467881394301,1.1368747173945177,0.8695652047889101
subject_204,4.854585813190675,0.9893236053193863,0.7647058823529411,0.7739130434782608,0.533547389235061,1.0,1.2047578755610933,0.8222222222222222,1.1971972444301677,0.8444444444444444,1.0337096110969368,1.0,0.6547828777434511,1.0,2.268311998104009,0.9056603773584906,1.9293175383238121,0.9833333333333333,0.9851155365154577,0.9038461364644974,0.8730917157954536,0.8289473575138506
subject_205,4.692460437500257,1.034237524265015,0.8666666666666667,0.6198347107438017,0.45645317666615787,1.0,1.465484717072175,0.6829268292682927,1.3715460909082717,0.7727272727272727,2.7681095100007953,0.7,0.8858104999962961,1.0,2.022285668627934,0.9215686274509803,1.9791506123068616,0.984375,1.8934233000000837,0.7499999812500006,1.8543303088883274,0.6744185889670096
subject_27,4.864902289062532,1.0107223931623501,0.7142857142857143,0.5825242718446602,0.35742058769269186,1.0,0.9943323895833297,0.7291666666666666,0.8576977240007545,0.84,1.392801299999822,1.0,1.4886337750000773,0.6666666666666666,2.1769865627116443,0.8983050847457628,2.0256665452838685,0.9811320754716981,1.2445193095241156,0.9285714064625856,1.256734135000079,0.8666666522222225
subject_28,3.9728405406245253,0.9955363711102917,0.4666666666666667,0.4583333333333333,0.39877942428325436,1.0,0.7295961472721749,0.6363636363636364,0.729084387096537,0.9516129032258065,1.3475184000013138,0.8888888888888888,0.5880712600017433,0.8,2.0040374169810367,1.0,1.8105021776121506,0.9850746268656716,1.308356468889138,0.7777777604938276,1.2455663451616983,0.5322580559313217
subject_29,2.3711270083333855,1.0582694203358034,1.0,0.0,0.5214645076941591,0.9846153846153847,0.6811404203687778,0.8888888888888888,1.3370734162819518,0.5116279069767442,0.957118583333795,1.0,0.739514727272432,0.9090909090909091,1.9757902777782874,0.9074074074074074,1.876713315384964,0.9846153846153847,0.8061698980357809,0.8627450811226455,0.8578488343289302,0.8805970017821343
subject_33,2.4972239374991556,1.0487119284491577,0.5384615384615384,0.5533980582524272,0.764335378460013,0.9846153846153847,0.8406821482130908,0.8035714285714286,1.0763618452335886,0.5238095238095238,2.218360325015965,0.75,0.7935112666649123,0.9166666666666666,2.4784914224171724,0.631578947368421,1.9791173031710694,1.0,1.4148659047579193,0.7804877858417614,1.1953307632348322,0.6029411676038063
subject_88,4.398591222222927,1.0559623723043703,0.8125,0.9736842105263158,0.42556008000392465,1.0,1.0756415959983132,0.64,0.9324348666653451,0.8444444444444444,1.7895489583412807,0.8333333333333334,1.5913179700030013,0.8,4.186195594278563,0.5357142857142857,2.0965281847874513,0.9555555555555556,1.8578086374909617,0.8717948494411578,1.7257329481459844,0.8148147997256519
